id;title;first_name;middle_names;last_name;full_name;date_of_birth;place_of_birth;sex;marital_status;occupation;photo;photo_content_type
1;Customer;Jaleel;Human Awesome Steel Chips online;Borer;payment;2020-10-09;Berkshire;MALE;SINGLE;invoice Canada;../fake-data/blob/hipster.png;image/png
2;Montana JBOD Grocery;Coralie;Checking Account envisioneer;Hickle;bandwidth eyeballs;2020-10-09;Sleek Concrete Fish;FEMALE;WIDOWER;Assurance parsing;../fake-data/blob/hipster.png;image/png
3;Electronics Route Research;Cade;Books website Villages;Schmitt;azure Lari Beauty;2020-10-09;Wyoming interfaces Multi-layered;FEMALE;MARRIED;connect back-end;../fake-data/blob/hipster.png;image/png
4;fault-tolerant systemic synthesize;Dell;virtual Uzbekistan;Medhurst;capacitor web services Argentine Peso;2020-10-09;Iran application;FEMALE;SEPARATED;Refined Granite Salad Compatible driver;../fake-data/blob/hipster.png;image/png
5;Money Market Account Hat;Dedric;Cambridgeshire technologies reinvent;Schmitt;open-source;2020-10-08;holistic Shore;MALE;WIDOW;Tasty Automotive;../fake-data/blob/hipster.png;image/png
6;success;Ryder;Principal extensible Kyrgyz Republic;Willms;supply-chains integrated indexing;2020-10-09;uniform Sleek IB;FEMALE;WIDOW;projection;../fake-data/blob/hipster.png;image/png
7;Shoes open architecture;Shea;interface Garden Savings Account;Kling;Dynamic;2020-10-09;out-of-the-box index;MALE;SEPARATED;bypassing;../fake-data/blob/hipster.png;image/png
8;open-source Pizza Belarussian Ruble;Soledad;driver invoice payment;Berge;scalable synergies;2020-10-09;Granite ADP fresh-thinking;FEMALE;WIDOW;methodologies 1080p New York;../fake-data/blob/hipster.png;image/png
9;CSS United States Minor Outlying Islands South Dakota;Gloria;payment Automotive;Parisian;Frozen Brand real-time;2020-10-09;Brand Tactics Hill;FEMALE;SINGLE;Creative Home;../fake-data/blob/hipster.png;image/png
10;Future Connecticut;Kyla;Games Coordinator;Kihn;Future-proofed;2020-10-09;Djibouti;FEMALE;SEPARATED;synthesizing Sleek Wooden Keyboard port;../fake-data/blob/hipster.png;image/png
