id;first_name;last_name;visa_number;barcode;nationality;place_of_birth;travel_document;travel_document_issue_date;travel_document_expiry_date;travel_purpose;visa_valid_from;visa_valid_until;visa_validity_type;visa_type
1;Gabriel;McGlynn;vortals invoice;PCI Function-based;incubate multi-byte incremental;navigating Tajikistan Platinum;Ergonomic Granite Car Tuna plum;2020-10-08;2020-10-09;Credit Card Account withdrawal;2020-10-09;2020-10-08;optical;Personal Loan Account Handcrafted Fresh Cheese Home
2;Ilene;Wiegand;magenta Connecticut Music;bypassing;reinvent Investment Account transitional;Clothing Tactics Concrete;digital National application;2020-10-09;2020-10-09;Oregon sky blue real-time;2020-10-09;2020-10-09;Belarussian Ruble zero defect;Licensed Egyptian Pound Practical Plastic Shirt
3;Kaycee;Okuneva;azure;bluetooth Home Loan Account;circuit payment;Advanced;invoice;2020-10-08;2020-10-09;panel Accountability Upgradable;2020-10-08;2020-10-09;cross-media Plains;ROI Lari
4;Sedrick;Okuneva;Interactions markets Gloves;Marketing cross-platform Phased;Optimized Incredible;Practical Steel Salad harness;leading-edge customized;2020-10-09;2020-10-08;Fresh Pizza virtual;2020-10-09;2020-10-08;Legacy Jewelery Mill;Switzerland bypassing
5;Gerry;Johns;mobile process improvement;Rubber Guam;silver eyeballs Games;Officer;Pass;2020-10-09;2020-10-09;Iowa Designer CSS;2020-10-09;2020-10-09;ubiquitous;solutions
6;Denis;Kerluke;protocol capacitor Markets;Industrial invoice;Generic Cotton Bacon SDD;Agent overriding;New Hampshire Sleek;2020-10-08;2020-10-09;channels Robust;2020-10-08;2020-10-08;Junction backing up Personal Loan Account;Research
7;Angelina;Quigley;dot-com whiteboard Manors;system engine bluetooth;Planner Public-key Credit Card Account;payment Falkland Islands Pound customized;Customer-focused;2020-10-09;2020-10-08;Florida niches Checking Account;2020-10-08;2020-10-08;groupware;New Taiwan Dollar
8;Rogelio;Windler;user-centric;open system Cloned Self-enabling;Kansas;Fish Wisconsin;Rustic Fresh;2020-10-09;2020-10-08;program;2020-10-09;2020-10-09;website transmit portal;dynamic
9;Melba;Kreiger;New Jersey;4th generation payment;Avon Auto Loan Account;contextually-based Home Loan Account;Solutions Planner;2020-10-08;2020-10-08;Fully-configurable;2020-10-09;2020-10-09;primary Towels;Facilitator auxiliary bypassing
10;Wilhelm;Mann;salmon Estates West Virginia;Investor;client-server Developer Pants;pixel;Intelligent Rubber Car;2020-10-09;2020-10-09;Global;2020-10-09;2020-10-09;cross-media;Sleek Soft Gloves Well Incredible Fresh Car
