id;employee_full_name;profession;phone;gender;bio;profile_photo;profile_photo_content_type;profile_photo_url;enabled;reason;created_date;last_updated_date
1;calculate Investment Account;Soft Investment Account port;312-741-6153 x3116;FEMALE;Small maximized bandwidth-monitored;../fake-data/blob/hipster.png;image/png;Underpass;true;payment Switchable Garden;2020-10-09T05:52:19;2020-10-09T06:01:13
2;reinvent cross-platform;Unbranded Granite Bacon;1-393-501-5895 x144;MALE;pink;../fake-data/blob/hipster.png;image/png;Directives alarm Jersey;false;Factors;2020-10-08T23:28:40;2020-10-09T02:20:21
3;Decentralized;Uzbekistan Fish;219-395-6541 x941;FEMALE;Cambridgeshire Illinois;../fake-data/blob/hipster.png;image/png;Small Concrete Chicken;true;initiatives bluetooth Officer;2020-10-09T12:30:00;2020-10-09T11:58:36
4;e-business;Shoes purple white;704.247.5065 x0093;MALE;reinvent Baby;../fake-data/blob/hipster.png;image/png;Tuna;true;Ball Investor;2020-10-08T18:20:50;2020-10-09T14:58:17
5;Crest Practical Wooden Towels Hungary;Pataca;1-269-421-7423 x265;FEMALE;Idaho;../fake-data/blob/hipster.png;image/png;partnerships GB CFA Franc BEAC;true;SMTP Grass-roots Internal;2020-10-09T17:11:50;2020-10-09T15:53:38
6;adapter systems International;deposit back up Books;(801) 521-4780;MALE;Games;../fake-data/blob/hipster.png;image/png;generate circuit Administrator;false;overriding;2020-10-09T15:31:47;2020-10-09T12:04:44
7;Fantastic;moderator Expanded;(999) 977-1795;MALE;Managed;../fake-data/blob/hipster.png;image/png;transform mesh;true;web services JBOD quantifying;2020-10-08T19:55:12;2020-10-09T16:12:17
8;red Home;Jewelery Car;799.380.4264 x8282;FEMALE;Tuna Inverse;../fake-data/blob/hipster.png;image/png;Germany Bedfordshire;false;indexing attitude;2020-10-08T19:05:24;2020-10-09T16:31:31
9;Auto Loan Account Montana Accounts;feed;731.187.1183 x2721;FEMALE;Mobility;../fake-data/blob/hipster.png;image/png;Concrete interface;true;cross-platform;2020-10-09T16:53:33;2020-10-08T22:43:46
10;Gorgeous Steel Bacon;Division;333-953-7914 x556;MALE;Architect;../fake-data/blob/hipster.png;image/png;Intelligent Wooden Table;true;Bahamian Dollar;2020-10-09T08:39:18;2020-10-08T18:30:24
